﻿<?xml version="1.0" encoding="utf-8"?>
<DacOrigin xmlns="http://schemas.microsoft.com/sqlserver/dac/Serialization/2012/02">
  <PackageProperties>
    <Version>3.1.0.0</Version>
    <ContainsExportedData>true</ContainsExportedData>
    <StreamVersions>
      <Version StreamName="Data">2.0.0.0</Version>
      <Version StreamName="DeploymentContributors">1.0.0.0</Version>
    </StreamVersions>
  </PackageProperties>
  <Operation>
    <Identity>4108574c-4587-42d8-a0a1-3cf3ccb7ba19</Identity>
    <Start>2024-01-04T22:11:34.3776032+05:00</Start>
    <End>0001-01-01T00:00:00.0000000</End>
    <ProductName>Microsoft.SqlServer.Dac, Version=16.0.0.0, Culture=neutral, PublicKeyToken=b03f5f7f11d50a3a</ProductName>
    <ProductVersion>16.0.6384.0</ProductVersion>
    <ProductSchema>http://schemas.microsoft.com/sqlserver/dac/Serialization/2012/02</ProductSchema>
  </Operation>
  <Server>
    <ServerVersion>Microsoft SQL Server 2022 (RTM) - 16.0.1000.6 (X64) 
	Oct  8 2022 05:58:25 
	Copyright (C) 2022 Microsoft Corporation
	Developer Edition (64-bit) on Windows 10 Pro 10.0 &lt;X64&gt; (Build 19045: )
</ServerVersion>
    <ObjectCounts>
      <ComputedColumn>22</ComputedColumn>
      <DatabaseOptions>1</DatabaseOptions>
      <DefaultConstraint>2</DefaultConstraint>
      <DmlTrigger>1</DmlTrigger>
      <ForeignKeyConstraint>1</ForeignKeyConstraint>
      <PermissionStatement>2</PermissionStatement>
      <PrimaryKeyConstraint>10</PrimaryKeyConstraint>
      <Procedure>27</Procedure>
      <SimpleColumn>76</SimpleColumn>
      <SubroutineParameter>98</SubroutineParameter>
      <Table>12</Table>
      <View>5</View>
    </ObjectCounts>
  </Server>
  <ExportStatistics>
    <SourceDatabaseSize>14064</SourceDatabaseSize>
    <TableRowCountTotalTag>106</TableRowCountTotalTag>
  </ExportStatistics>
  <Checksums>
    <Checksum Uri="/model.xml">0249E332A02F6F9C27B9C067EA6D789A6C65F7A504182060E749B4D59D212595</Checksum>
  </Checksums>
  <ModelSchemaVersion>2.9</ModelSchemaVersion>
</DacOrigin>